SEQ NO.,BRAND CODE,DESCRIPTION, WITHDRAWAL PRICE , RETAIL PRICE , WHOLESALE PRICE , RETAIL DISCOUNT , WHOLESALE DISCOUNT ,CARTON CONVERSION 
1,BAKING POWDER 100G,, 29.02 , 32.95 , 32.95 ,,, 24.0 
2,BAKING SODA  125G,, 11.58 , 13.15 , 13.15 ,,, 48.0 
3,BAKING SODA 250G,, 22.24 , 25.25 , 25.25 ,,, 24.0 
4,BAKING SODA 500G,, 38.71 , 43.95 , 43.95 ,,, 12.0 
5,SALTED BLACK BEANS_ SUP 100G,, 14.34 , 16.45 , 16.45 ,,, 48.0 
6,BREAD CRUMBS  100G ,, 13.76 , 16.00 , 16.00 ,,, 48.0 
7,BREAD CRUMBS 230G,, 31.25 , 36.40 , 36.40 ,,, 24.0 
8,BREAD CRUMBS 500G,, 64.39 , 73.45 , 73.45 ,,, 12.0 
9,BREAD CRUMBS 1kg.,, 128.83 , 147.00 , 147.00 ,,, 6.0 
10,SWEET CREAM STYLE CORN 410G,, 37.95 , 43.80 , 43.80 ,,, 24.0 
11,WHOLE KERNEL CORN 410G,, 37.95 , 43.80 , 43.80 ,,, 24.0 
12,YOUNG CORN 410G,, 53.25 , 60.45 , 60.45 ,,, 24.0 
13,RAM CORNSTARCH  200G,, 26.09 , 29.60 , 29.60 ,,, 48.0 
14,RAM CORNSTARCH  400G,, 48.36 , 54.90 , 54.90 ,,, 24.0 
15,CORSTARCH 12X1kg,, 96.77 , 109.80 , 109.80 ,,, 12.0 
16,ALL PURPOSE FLOUR 200G,, 22.22 , 25.20 , 25.20 ,,, 48.0 
17,ALL PURPOSE FLOUR  400G,, 43.51 , 49.40 , 49.40 ,,, 24.0 
18,DESICCATED COCONUT 100 G,, 37.08 , 42.20 , 42.20 ,,, 24.0 
19,DESICCATED COCONUT 200 G,, 63.61 , 70.35 , 70.35 ,,, 24.0 
20,TROPICAL FRUIT COCKTAIL 432G,, 64.79 , 68.20 , 68.20 ,,, 24.0 
21,TROPICAL FRIUT COCKTAIL 822G,, 91.91 , 103.70 , 103.70 ,,, 24.0 
22,TROPICAL FRUIT COCKTAIL 3060G,, 285.09 , 308.00 , 308.00 ,,, 6.0 
23,HOTCAKE MIX 200G,, -   , 21.30 , 21.30 ,,, 48.0 
24,HOTCAKE MIX  400G,, -   , 42.50 , 42.50 ,,, 24.0 
25,ELBOW MACARONI 200G,, 19.91 , 22.60 , 22.60 ,,, 48.0 
26,ELBOW MACARONI 400G,, 38.87 , 44.10 , 44.10 ,,, 24.0 
27,ELBOW MACARONI 1 KG,, 84.79 , 93.75 , 93.75 ,,, 12.0 
28,SALAD MACARONI 200G,, 19.91 , 22.60 , 22.60 ,,, 48.0 
29,SALAD MACARONI 400G,, 38.87 , 44.10 , 44.10 ,,, 24.0 
30,SALAD MACARONI 1 KG ,, 84.79 , 93.75 , 93.75 ,,, 12.0 
31,MUSHROOMS WHOLE 198G,, 32.68 , 37.80 , 37.80 ,,, 48.0 
32,MUSHROOMS WHOLE 400G,, 51.35 , 58.75 , 58.75 ,,, 24.0 
33,MUSHROOMS PIECES @ STEMS 198G,, 29.82 , 34.50 , 34.50 ,,, 48.0 
34,MUSHROOMS PIECES @ STEMS 400G,, 44.00 , 50.35 , 50.35 ,,, 24.0 
35,INSTANT OATS 200G,, -   , 35.45 , 35.45 ,,, 48.0 
36,INSTANT OATS 500G,, -   , 82.70 , 82.70 ,,, 24.0 
37,SPAGHETTI SAUCE SWEET STYLE 500g,, 48.40 , 54.95 , 54.95 ,,, 18.0 
38,SPAGHETTI SAUCE SWEET STYLE 900g,, 69.72 , 77.10 , 77.10 ,,, 12.0 
39,PREMIUM SPAGHETTI 400g,, 38.87 , 44.10 , 44.10 ,,, 24.0 
40,PREMIUM SPAGHETTI 450G,, -   , 44.10 , 44.10 ,,, 24.0 
41,PREMIUM SPAGHETTI 900KG,, 74.81 , 82.75 , 82.75 ,,, 18.0 
42,RAM BDL.SWEET 900g/PASTA 700g,, 106.55 , 120.00 , 120.00 ,,, 10.0 
43,BUNDLE PACK PASTA/ SWEET 1KG ,, -   , 154.25 , 154.25 ,,, 8.0 
44,SPAGHETTI SAUCE SWEET STYLE  250G,, 23.21 , 25.65 , 25.65 ,,, 36.0 
45,SPAGHETTI SAUCE SWEET STYLE 560G,, -   , 54.95 , 54.95 ,,, 18.0 
46,SPAGHETTI SAUCE SWEET STYLE 1K,, -   , 77.10 , 77.10 ,,, 12.0 
47,RAM SPAG. SAUCE ITALIAN 250G,, -   , 25.15 , 25.15 ,,, 36.0 
48,RAM SPAG. SAUCE ITALIAN 560G,, -   , 54.95 , 54.95 ,,, 18.0 
49,RAM SPAG. SAUCE ITALIAN 1K,, -   , 77.10 , 77.10 ,,, 12.0 
50,RAM DRY PEAS,, 14.49 , 16.00 , 16.00 ,,, 100.0 
51,IODIZED SALT COARSE 500G,, 13.51 , 15.55 , 15.15 ,,, 24.0 
52,RAM GREEN PEAS - SUP 100G,, 11.24 , 13.15 , 13.15 ,,, 48.0 
53,GREEN PEAS  225G,, 21.27 , 24.15 , 24.15 ,,, 48.0 
54,GREEN PEAS 450G,, 34.84 , 39.55 , 39.55 ,,, 24.0 
55,PORK AND BEANS SUP 100G,, 13.51 , 15.35 , 15.35 ,,, 48.0 
56,PORK AND BEANS  165G,, 19.33 , 21.95 , 21.95 ,,, 50.0 
57,PORK AND BEANS  220G,, 28.05 , 31.85 , 31.85 ,,, 48.0 
58,PORK AND BEANS 390G,, 45.49 , 51.65 , 51.65 ,,, 24.0 
59,RAM RAISINS- BOX 30 G,, 98.46 , 111.90 , 111.90 ,,, 48.0 
60,RAM RAISINS - SACHET 50G,, 24.18 , 27.45 , 27.45 ,,, 96.0 
61,RAM RAISINS 100G,, 43.51 , 49.80 , 49.80 ,,, 48.0 
62,RAM RAISINS 200G,, 85.15 , 94.20 , 94.20 ,,, 24.0 
63,RAM IODIZED SALT 250G,, 8.66 , 10.50 , 10.50 ,,, 48.0 
64,RAM IODIZED SALT 500G,, 16.41 , 18.90 , 18.90 ,,, 24.0 
65,RAM IODIZED SALT 1KG,, 30.45 , 37.75 , 37.75 ,,, 12.0 
66,TOMATO PASTE- SACHET 70 G,, 12.55 , 14.25 , 14.25 ,,, 72.0 
67,TOMATO PASTE- SUP 150G,, 24.18 , 27.45 , 27.45 ,,, 48.0 
68,TOMATO PASTE -SUP 500G,, 77.47 , 85.70 , 85.70 ,,, 18.0 
69,TOMATO PASTE -SUP 1KG.,, 145.30 , 160.70 , 160.70 ,,, 12.0 
70,TOMATO SAUCE- FILIPINO STYLE 115G,, 14.00 , 15.90 , 15.90 ,,, 48.0 
71,TOMATO SAUCE- FILIPINO STYLE 250G,, 18.77 , 21.95 , 21.95 ,,, 48.0 
72,TOMATO SAUCE- FILIPINO STYLE 1K,, 68.27 , 75.50 , 75.50 ,,, 12.0 
73,TOMATO SAUCE SUP 115G,, 14.00 , 15.90 , 15.90 ,,, 48.0 
74,TOMATO SAUCE SUP 200G,, 17.36 , 20.30 , 20.30 ,,, 48.0 
75,TOMATO SAUCE SUP 250G,, 18.77 , 21.95 , 21.95 ,,, 48.0 
76,TOMATO SAUCE-SUP 1K,, 68.27 , 75.50 , 75.50 ,,, 12.0 
77,RAM HOT SAUCE 100ML,, 20.28 , 23.00 , 23.00 ,,, 48.0 
78,RAM SWEET PCKLE RELISH 100G,, 31.90 , 36.20 , 36.20 ,,, 48.0 
79,RAM PICKLE RELISH 135G,, 53.20 , 58.85 , 58.85 ,,, 24.0 
80,RAM PICKLE WHOLE 135G,, 58.04 , 64.20 , 64.20 ,,, 24.0 
81,HOT SAUCE 1gl,, 261.35 , 289.00 , 289.00 ,,, 4.0 
82,RAM SWEET PICKLE RELISH 3700G,, -   , 839.19 , 839.19 ,,, 4.0 
83,SEVILLA DRY PEAS,, 13.52 , 15.35 , 15.35 ,,, 100.0 
84,SEVILLA PICKLE RELISH 3700G,, 735.73 , 797.25 , 797.25 ,,, 4.0 
85,MITRA PALM OIL 485ml,, 64.61 , 70.00 , 70.00 ,,, 24.0 
86,MITRA PALM OIL 950ml,, 110.16 , 120.65 , 120.65 ,,, 12.0 
87,OYSTER SAUCE 72x70g,, -   , 12.80 , 12.80 ,,, 72.0 
88,OYSTER SAUCE 144x30g,, -   , 7.45 , 7.45 ,,, 144.0 
89,MASTER FLOORWAX RED 90g,, 18.51 , 20.80 , 20.80 ,,, 72.0 
90,MASTER FLOORWAX DYE WAX 90g,, 19.51 , 21.95 , 21.95 ,,, 72.0 
91,MASTER FLOORWAX COLORLESS,, 18.50 , 20.80 , 20.80 ,,, 72.0 
92,STARCH POWDER,, 19.00 , 22.50 , 22.50 ,,, 150.0 
93,MISUA 12's,, 26.50 , 30.00 , 30.00 ,,, 100.0 
94,ODONG 12's NEW,, 22.50 , 26.00 , 26.00 ,,, 100.0 
95,KAONG RED 8oz,, 49.40 , 54.35 , 54.35 ,,, 24.0 
96,KAONG GREEN  8oz,, 49.40 , 54.35 , 54.35 ,,, 24.0 
97,KAONG RED 12oz,, 67.69 , 74.50 , 74.50 ,,, 24.0 
98,KAONG GREEN 12oz,, 67.69 , 74.50 , 74.50 ,,, 24.0 
100,NATA DE COCO RED 8oz,, 39.19 , 43.15 , 43.15 ,,, 24.0 
101,NATA DE COCO GREEN  8oz,, 39.19 , 43.15 , 43.15 ,,, 24.0 
102,NATA DE COCO WHITE 8oz,, 39.19 , 43.15 , 43.15 ,,, 24.0 
103,NATA RED 12oz,, 48.93 , 54.80 , 54.80 ,,, 24.0 
104,NATA GREEN 12oz,, 48.93 , 54.80 , 54.80 ,,, 24.0 
105,NATA WHITE 12oz,, 48.93 , 54.80 , 54.80 ,,, 24.0 
106,KAONG RED  24oz,, 117.09 , 128.80 , 128.80 ,,, 12.0 
107,KAONG GREEN 24oz,, 117.09 , 128.80 , 128.80 ,,, 12.0 
108,NATA RED 24oz,, 97.14 , 106.85 , 106.85 ,,, 12.0 
109,NATA GREEN 24oz,, 97.14 , 106.85 , 106.85 ,,, 12.0 
110,NATA WHITE  24oz,, 97.14 , 106.85 , 106.85 ,,, 12.0 
111,NATA RED 32OZ,, 105.93 , 121.85 , 121.85 ,,, 12.0 
112,NATA GREEN 32OZ,, 105.93 , 121.85 , 121.85 ,,, 12.0 
113,TRU MAYO 200ml,, 31.35 , 35.00 , 35.00 ,,, 48.0 
114,TRU MAYO 1.8L,, 168.63 , 186.00 , 186.00 ,,, 8.0 
115,TRUMAYO 3.5L,, 303.76 , 325.00 , 325.00 ,,, 4.0 
116,YUMMEE PUDDING,, 31.19 , 35.00 , 35.00 ,,, 20.0 
117,YUMMEE JELLY,, 31.19 , 35.00 , 35.00 ,,, 20.0 
118,TENDER LOVE PAPAYA WIPES,, 35.61 , 40.95 , 40.95 ,,, 36.0 
119,TENDER LOVE SCENTED,, 34.68 , 40.95 , 40.95 ,,, 36.0 
120,TENDER LOVE SWEET DELIGHT,, 35.61 , 40.95 , 40.95 ,,, 36.0 
121,TENDER LOVE BABY WIPES UNSCENTED,, 34.68 , 40.95 , 40.95 ,,, 36.0 
122,T.L ALOEVERA single ,, 35.61 , 40.95 , 40.95 ,,, 36.0 
123,TENDER LOVE PAPAYA 3+1,, 106.83 , 119.70 , 119.70 ,,, 9.0 
124,TENDER LOVE SWEET DELIGHT 3+1,, 106.83 , 119.70 , 119.70 ,,, 9.0 
125,TENDER LOVE SCENTED 3+1,, 104.04 , 119.70 , 119.70 ,,, 9.0 
126,TENDER LOVE UNSCENTED 3+1,, 104.04 , 119.70 , 119.70 ,,, 9.0 
127,T.L ALOEVERA 3+1,, 106.83 , 119.70 , 119.70 ,,, 9.0 
128,KOJIC SOAP ,, 50.35 , 56.40 , 56.40 ,,, 150.0 
129,KOJIC SOAP GLUTHA,, 52.96 , 59.35 , 59.35 ,,, 150.0 
130,RED FALCON MALLORCA 24x350ml,, 38.95 , 43.10 , 43.10 ,,, 24.0 
131,RED FALCON MALLORCA 12x750ml,, 75.21 , 83.20 , 83.20 ,,, 12.0 
132,CAMEL SOY SAUCE 3.8L,, 172.26 , 191.00 , 191.00 ,,, 4.0 
134,CAMEL SOY SAUCE 1.9ltr,, 88.71 , 102.00 , 102.00 ,,, 6.0 
135,CAMEL SOY SAUCE 1000ml w/HANDLE,, 47.58 , 54.75 , 54.75 ,,, 12.0 
136,CAMEL SOY SAUCE 385ml,, 19.56 , 22.50 , 22.50 ,,, 24.0 
137,CAMEL SOY SAUCE 200ml,, 8.97 , 10.30 , 10.30 ,,, 48.0 
138,CAMEL SOY SAUCE 100ML,, 5.98 , 6.90 , 6.90 ,,, 72.0 
139,CAMEL SUKANG PUTI 200ml,, 6.31 , 7.25 , 7.25 ,,, 48.0 
140,SUKA PUTI 12x1ltr,, 35.50 , 41.20 , 41.20 ,,, 12.0 
141,WHITE HOUSE BLACK BEANS 120g,, 20.25 , 23.50 , 23.50 ,,, 100.0 
142,CAMEL BLACK BEANS 60g,, 10.75 , 14.00 , 14.00 ,,, 100.0 
143,CAMEL BLACK BEANS 100g,, 15.25 , 18.00 , 18.00 ,,, 100.0 
144,CHOYO CHOYO CHOCO,, 67.00 , 70.00 , 70.00 ,,, 6.0 
145,CHOYO CHOYO UBE,, 67.00 , 70.00 , 70.00 ,,, 6.0 
146,CHOYO CHOYO STRAWBERRY,, 67.00 , 70.00 , 70.00 ,,, 6.0 
147,TOILY B. T.  SINGLE  X 96,, 8.33 , 9.50 , 9.50 ,,, 96.0 
148,HELLO BATH. TISSUE SINGLE,, 12.29 , 14.30 , 14.30 ,,, 96.0 
149,HELLO BATH. TISSUE X4,, 47.66 , 53.40 , 53.40 ,,, 24.0 
150,HELLO BATHROOM TISSUE 8 x 12,, 138.20 , 154.80 , 154.80 ,,, 8.0 
151,FOLDED TBL NAP 50's      80,, 14.90 , 16.90 , 16.90 ,,, 80.0 
152,CHOCO JOY,, 35.48 , 37.00 , 37.00 ,,, 40.0 
153,CHAMPI,, 35.48 , 37.00 , 37.00 ,,, 40.0 
154,YAKEE,, 24.01 , 26.00 , 26.00 ,,, 40.0 
155,PINTORA,, 24.01 , 26.00 , 26.00 ,,, 40.0 
156,FRUTOS ORIG,, 33.71 , 36.00 , 36.00 ,,, 40.0 
157,FRUTOS SAMPALOK,, 33.71 , 36.00 , 36.00 ,,, 40.0 
158,FRUTOS STRAWBERRY,, 33.71 , 36.00 , 36.00 ,,, 40.0 
159,FRUTOS TROPICAL,, 33.71 , 36.00 , 36.00 ,,, 40.0 
160,FRUTOS MILK,, 33.71 , 36.00 , 36.00 ,,, 40.0 
161,V FRESH,, 33.71 , 36.00 , 36.00 ,,, 40.0 
162,FROOTY RAINBOW POP,, 28.42 , 30.50 , 30.50 ,,, 40.0 
163,FROOTY CHOCO POP,, 28.42 , 30.50 , 30.50 ,,, 40.0 
164,FROOTY BUBBLE POP,, 28.49 , 30.50 , 30.50 ,,, 40.0 
165,FROOTY POP JAR,, 115.80 , 120.00 , 120.00 ,,, 12.0 
167,POTCHI PACK STRAWBERRY,, 33.71 , 36.00 , 36.00 ,,, 40.0 
168,MONAMI STRAWBERRY,, 33.71 , 36.00 , 36.00 ,,, 40.0 
169,MONAMI  BUTTER,, 33.71 , 36.00 , 36.00 ,,, 40.0 
170,BUTTER KIST,, 33.71 , 36.00 , 36.00 ,,, 40.0 
171,I COOL RED,, 33.71 , 36.00 , 36.00 ,,, 40.0 
172,I COOL BLUE,, 33.71 , 36.00 , 36.00 ,,, 40.0 
173,JUMBO JAR,, 98.16 , 105.00 , 105.00 ,,, 12.0 
174,CHERRI JUMBO JAR,, 92.29 , 105.00 , 105.00 ,,, 12.0 
175,JUMBO CRAYON,, 92.29 , 105.00 , 105.00 ,,, 12.0 
176,JUMBO DINO EGGS,, 92.29 , 105.00 , 105.00 ,,, 12.0 
177,POTCHI HOLA HOOP,, 92.87 , 95.00 , 95.00 ,,, 12.0 
178,POTCHI GUMMI WORM,, 92.87 , 95.00 , 95.00 ,,, 12.0 
179,POTCHI BURGER,, 92.87 , 95.00 , 95.00 ,,, 12.0 
180,OTSO CHOCO,, 53.02 , 55.00 , 55.00 ,,, 20.0 
18/1,OTSO VANILLA,, 53.02 , 55.00 , 55.00 ,,, 20.0 
182,OTSO STRAWBERRY,, 53.02 , 55.00 , 55.00 ,,, 20.0 
182,CHOQUICK,, 53.02 , 55.00 , 55.00 ,,, 20.0 
183,MY BIDA,, 53.02 , 55.00 , 55.00 ,,, 20.0 
184,CHOQUICK CHOCO BAR,, 59.19 , 62.50 , 62.50 ,,, 20.0 
185,LUV LUV CHOCO BAR,, 59.01 , 62.50 , 62.50 ,,, 12.0 
186,TOPIKO CHOCO BAR,, 59.19 , 62.50 , 62.50 ,,, 20.0 
187,MALLOWS CHOCO,, 24.53 , 26.00 , 26.00 ,,, 18.0 
188,MALLOWS SBERRY,, 24.53 , 26.00 , 26.00 ,,, 18.0 
189,MALLOWS PEACH MANGO,, 24.53 , 26.00 , 26.00 ,,, 18.0 
190,COOKS BANANA CATSUP 1gl.,, 72.72 , 87.00 , 87.00 ,,, 4.0 
191,COOKS BANANA CATSUP FREE 1G,,,,,,, 4.0 
192,COOKS BANANA CATSUP HALF gl.,, 41.76 , 52.50 , 52.50 ,,, 6.0 
193,COOKS CATSUP 1LTR,, 30.59 , 36.50 , 36.50 ,,, 12.0 
194,COOKS CATSUP POUCH,, 7.61 , 9.15 , 9.15 ,,, 35.0 
195,DIP HOT SAUCE 1gl.,, 121.15 , 161.55 , 161.55 ,,, 4.0 
196,EGGY MAYO 1gl.,, 189.13 , 225.50 , 225.50 ,,, 4.0 
197,EGGY MAYO 1ltr.,, 76.62 , 88.00 , 88.00 ,,, 12.0 
198,SNF PREMIUM MAYO 1gl.,, 283.61 , 335.00 , 335.00 ,,, 4.0 
199,SNF PREMIUM MAYO 1.7ltrs,, 160.01 , 190.80 , 190.80 ,,, 6.0 
200,SNF PREMIUM MAYO 1ltr,, 104.52 , 124.60 , 124.60 ,,, 12.0 
201,LA MIA HOT & SPICY,, 28.34 , 33.00 , 33.00 ,,, 50.0 
202,LA MIA FLAKES N OIL,, 28.34 , 33.00 , 33.00 ,,, 50.0 
203,LA MIA AFRITADA,, 25.06 , 30.00 , 30.00 ,,, 50.0 
204,PEANUT BUTTER 230g,, 73.87 , 86.90 , 86.90 ,,, 112.0 
205,PEANUT BUTTER 250g,, 74.80 , 88.00 , 88.00 ,,, 90.0 
206,PEANUT BUTTER 300g,, 101.75 , 119.70 , 119.70 ,,, 60.0 
207,JOLLY FRUIT TREATS CANDY,, 24.30 , 29.20 , 29.20 ,,, 20.0 
208,JOLLY MENTHOL CANDY,, 24.30 , 29.20 , 29.20 ,,, 20.0 
209,JOLLY CHERRY MENTHOL CANDY,, 24.30 , 29.20 , 29.20 ,,, 20.0 
210,JOLLY HONEY LEMON CANDY,, 24.30 , 29.20 , 29.20 ,,, 20.0 
211,JOLLY MELON LOVE CANDY,, 24.30 , 29.20 , 29.20 ,,, 20.0 
212,JOLLY COLA CANDY,, 24.30 , 29.20 , 29.20 ,,, 20.0 
213,JOLLY FRUIT POP (LOLLIPOP) CANDY,, 24.30 , 29.20 , 29.20 ,,, 20.0 
214,JOLLY CHOCO (LOLLIPOP) CANDY,, 24.30 , 29.20 , 29.20 ,,, 20.0 
215,JOLLY COLA POP (LOLLIPOP) CANDY,, 24.30 , 29.20 , 29.20 ,,, 20.0 
216,JOLLY COCONUT CANDY,, 24.30 , 29.20 , 29.20 ,,, 20.0 
217,JOLLY RAINBOW CANDY,, 24.30 , 29.20 , 29.20 ,,, 20.0 
215,JOLLY MANGO CANDY,, 25.20 , 30.25 , 30.25 ,,, 20.0 
216,JOLLY SAMPALOK (TAMARIND) CANDY,, 25.20 , 30.25 , 30.25 ,,, 20.0 
217,JOLLY UBE CANDY,, 25.20 , 30.25 , 30.25 ,,, 20.0 
218,JOLLY CAPPUCCINO CANDY,, 25.20 , 30.25 , 30.25 ,,, 20.0 
226,KYANDE SOFT CHEWY CANDY,, 25.20 , 30.25 , 30.25 ,,, 20.0 
227,ICE FRUITEE-BIG,, 24.08 , 27.70 , 27.70 ,,, 16.0 
228,ICE FRUITEE - MINI POPS,, 20.70 , 23.80 , 23.80 ,,, 20.0 
229,DAIRY HILL CREAMYSADA,, 46.06 , 50.00 , 50.00 ,,, 48.0 
230,DAIRY HILL POWDER,, 90.63 , 98.40 , 98.40 ,,, 12.0 
231,DAIRY HILL POWDER MILK 9+3,, 67.68 , 77.90 , 77.90 ,,, 12.0 
232,VEGA CORN STICKS CHEESE 8.5g,, 81.42 , 88.00 , 88.00 ,,, 24.0 
233,VEGA CORN STICKS ROASTED 8.5g,, 81.42 , 88.00 , 88.00 ,,, 24.0 
234,FRUIT FIESTA,, 32.39 , 37.00 , 37.00 ,,, 30.0 
235,SENORITA SAR. GREEN REG. 100/155g,, 21.04 , 23.15 , 23.15 ,,, 100.0 
236,SENORITA SAR. RED REG. 100/155g,, 21.27 , 23.40 , 23.40 ,,, 100.0 
237,SENORITA SAR.GREEN EASY OPEN 155g,, 21.46 , 23.60 , 23.60 ,,, 100.0 
238,SENORITA SAR. RED EASY OPEN 155g,, 21.69 , 23.85 , 23.85 ,,, 100.0 
239,SENORITA DRY PEAS 155g,, 12.18 , 14.00 , 14.00 ,,, 100.0 
240,SENORITA BLACK BEANS 110g,, 15.74 , 18.10 , 18.10 ,,, 100.0 
241,SENORITA BLACK BEANS 180g,, 24.41 , 28.10 , 28.10 ,,, 48.0 
242,MAYON CREAMSTYLE CORN 425g,, 34.62 , 39.80 , 39.80 ,,, 24.0 
243,MAYON WHOLE KERNEL 425g,, 34.49 , 39.80 , 39.80 ,,, 24.0 
244,MAYON MUSHROOM P/S 400G,, 43.47 , 47.85 , 47.85 ,,, 24.0 
245,MAYON MUSHROOM WHOLE 400G,, 45.39 , 49.95 , 49.95 ,,, 24.0 
246,MAYON DRY PEAS 155g,, 11.95 , 13.75 , 13.75 ,,, 100.0 
247,MAYON GREEN PEAS 225g,, 19.52 , 22.50 , 22.50 ,,, 48.0 
248,MAYON GREEN PEAS 450g,, 29.33 , 33.75 , 33.75 ,,, 24.0 
249,PRAN MALT & MILK BISCUITS,, 52.48 , 63.00 , 63.00 ,,, 10.0 
250,PRAN NICE COCONUT BISCUITS,, 52.48 , 63.00 , 63.00 ,,, 10.0 
251,PRAN GLUCOSE BISCUITS,, 52.48 , 63.00 , 63.00 ,,, 10.0 
252,CLUB FRUITFUN ORANGE CREAM BISCUITS,, 49.20 , 59.05 , 59.05 ,,, 12.0 
253,CLUB FRUITFUN P/APPLE CREAM BISCUITS,, 49.20 , 59.05 , 59.05 ,,, 12.0 
254,CLUB FRUITFUN SBERRY CREAM BISCUITS,, 49.20 , 59.05 , 59.05 ,,, 12.0 
255,BISK CLUB SHERO CREAM BISCUITS ,, 68.88 , 82.70 , 82.70 ,,, 12.0 
256,PRAN OH CAKE CHOCO MILK FLAVOR,, 118.08 , 141.70 , 141.70 ,,, 12.0 
257,PRAN OH CAKE BANANA FLAVOR,, 118.08 , 141.70 , 141.70 ,,, 12.0 
258,PRAN EASY INSTANT NOODLE CHICKEN,, 21.32 , 25.60 , 25.60 ,,, 48.0 
259,PRAN EASY INSTANT NOODLE BEEF,, 21.32 , 25.60 , 25.60 ,,, 48.0 
260,PRAN LOLLIPOP ASSORTED,, 24.60 , 29.55 , 29.55 ,,, 40.0 
261,PRAN CHOCO VANILLA LIQUID PASTE,, 15.38 , 18.45 , 18.45 ,,, 120.0 
262,PRAN MILKY LIQUID PASTE,, 15.38 , 18.45 , 18.45 ,,, 120.0 
263,PRAN CHEWY CANDY ORANGE FLAVOR JAR,, 74.35 , 89.25 , 89.25 ,,, 15.0 
264,PRAN CHEWY BLACK CURRANT POUCH,, 20.50 , 24.60 , 24.60 ,,, 24.0 
265,PRAN CHEWY CANDY ORANGE  POUCH,, 20.50 , 24.60 , 24.60 ,,, 24.0 
266,DRINKO FLOAT SBERRY W/ C. 330ML,, 30.34 , 36.40 , 36.40 ,,, 24.0 
267,DRINKO FLOAT SBERRY W/ C.250ML,, 20.50 , 24.60 , 24.60 ,,, 24.0 
268,DRINKO FLOAT P/APPLE W/ C. 250ML,, 20.50 , 24.60 , 24.60 ,,, 24.0 
269,DRINKO FLOAT P/APPLE W/ C. 330ML,, 30.34 , 36.40 , 36.40 ,,, 24.0 
270,DRINKO FLOAT LICH W/ C.  330ML,, 30.34 , 36.40 , 36.40 ,,, 24.0 
271,DRINKO FLOAT ORANGE W/ C. 330ML,, 30.34 , 36.40 , 36.40 ,,, 24.0 
272,TRUE MILK YOUGURT  MILK DRINK 80ML,, 36.90 , 44.30 , 44.30 ,,, 16.0 
273,TRUE MILK STRAWBERRY MILK DRINK 80ML,, 36.90 , 44.30 , 44.30 ,,, 16.0 
274,TRUE MILK MANGO MILK DRINK 80ML,, 36.90 , 44.30 , 44.30 ,,, 16.0 
275,TRUE MILK GREEN APPLE MILK DRINK 80ML,, 36.90 , 44.30 , 44.30 ,,, 16.0 
270,ABLE FARM CONDENSED MILK 380g,, 34.91 , 38.40 , 38.40 ,,, 48.0 
271,SUKA PUTI 1ltr,, 37.75 , 43.50 , 43.50 ,,, 12.0 
272,SUKA PUTI 1.9ltr,, 74.17 , 85.30 , 85.30 ,,, 6.0 
273,SUKA PUTI 3.8ltr,, 137.25 , 157.85 , 157.85 ,,, 4.0 
274,SUKA PUTI 100ml,, 4.63 , 5.35 , 5.35 ,,, 72.0 
275,,,,,,,,
276,,,,,,,,
277,,,,,,,,
278,,,,,,,,
279,,,,,,,,
280,,,,,,,,
281,,,,,,,,
282,,,,,,,,
283,,,,,,,,
284,,,,,,,,
285,,,,,,,,
286,,,,,,,,
287,,,,,,,,
288,,,,,,,,
289,,,,,,,,
290,,,,,,,,
291,,,,,,,,
292,,,,,,,,
293,,,,,,,,
294,,,,,,,,
295,,,,,,,,
296,,,,,,,,
297,,,,,,,,
298,,,,,,,,
299,,,,,,,,
300,,,,,,,,
301,,,,,,,,
302,,,,,,,,
303,,,,,,,,
304,,,,,,,,
305,,,,,,,,
306,,,,,,,,
307,,,,,,,,
308,,,,,,,,
309,,,,,,,,
310,,,,,,,,
311,,,,,,,,
312,,,,,,,,
313,,,,,,,,
314,,,,,,,,
315,,,,,,,,
316,,,,,,,,
317,,,,,,,,
318,,,,,,,,
319,,,,,,,,
320,,,,,,,,
321,,,,,,,,
322,,,,,,,,
323,,,,,,,,
324,,,,,,,,
325,,,,,,,,
326,,,,,,,,
327,,,,,,,,
328,,,,,,,,
329,,,,,,,,
330,,,,,,,,
331,,,,,,,,
332,,,,,,,,
333,,,,,,,,
334,,,,,,,,
335,,,,,,,,
336,,,,,,,,
337,,,,,,,,
338,,,,,,,,
339,,,,,,,,
340,,,,,,,,
341,,,,,,,,
342,,,,,,,,
343,,,,,,,,
344,,,,,,,,
345,,,,,,,,
346,,,,,,,,
347,,,,,,,,
348,,,,,,,,
349,,,,,,,,
350,,,,,,,,
351,,,,,,,,
352,,,,,,,,
353,,,,,,,,
354,,,,,,,,
355,,,,,,,,
356,,,,,,,,
357,,,,,,,,
358,,,,,,,,
359,,,,,,,,
360,,,,,,,,
361,,,,,,,,
362,,,,,,,,
363,,,,,,,,
364,,,,,,,,
365,,,,,,,,
366,,,,,,,,
367,,,,,,,,
368,,,,,,,,
369,,,,,,,,
370,,,,,,,,
371,,,,,,,,
372,,,,,,,,
373,,,,,,,,
374,,,,,,,,
375,,,,,,,,
376,,,,,,,,
377,,,,,,,,
378,,,,,,,,
379,,,,,,,,
380,,,,,,,,
381,,,,,,,,
382,,,,,,,,
383,,,,,,,,
384,,,,,,,,
385,,,,,,,,
386,,,,,,,,
387,,,,,,,,
388,,,,,,,,
389,,,,,,,,
390,,,,,,,,
391,,,,,,,,
392,,,,,,,,
393,,,,,,,,
394,,,,,,,,
395,,,,,,,,
396,,,,,,,,
397,,,,,,,,
398,,,,,,,,
399,,,,,,,,
400,,,,,,,,
401,,,,,,,,
402,,,,,,,,
403,,,,,,,,
404,,,,,,,,
405,,,,,,,,
406,,,,,,,,
407,,,,,,,,
408,,,,,,,,
409,,,,,,,,
410,,,,,,,,
411,,,,,,,,
412,,,,,,,,
413,,,,,,,,
414,,,,,,,,
415,,,,,,,,
416,,,,,,,,
417,,,,,,,,
418,,,,,,,,
419,,,,,,,,
420,,,,,,,,
421,,,,,,,,
422,,,,,,,,
423,,,,,,,,
424,,,,,,,,
425,,,,,,,,
426,,,,,,,,
427,,,,,,,,
428,,,,,,,,
429,,,,,,,,
430,,,,,,,,
431,,,,,,,,
432,,,,,,,,
433,,,,,,,,
434,,,,,,,,
435,,,,,,,,
436,,,,,,,,
437,,,,,,,,
438,,,,,,,,
439,,,,,,,,
440,,,,,,,,
441,,,,,,,,
442,,,,,,,,
443,,,,,,,,
444,,,,,,,,
445,,,,,,,,
446,,,,,,,,
447,,,,,,,,
448,,,,,,,,
449,,,,,,,,
450,,,,,,,,
451,,,,,,,,
452,,,,,,,,
453,,,,,,,,
454,,,,,,,,
455,,,,,,,,
456,,,,,,,,
457,,,,,,,,
458,,,,,,,,
459,,,,,,,,
460,,,,,,,,
461,,,,,,,,
462,,,,,,,,
463,,,,,,,,
464,,,,,,,,
465,,,,,,,,
466,,,,,,,,
467,,,,,,,,
468,,,,,,,,
469,,,,,,,,
470,,,,,,,,
471,,,,,,,,
472,,,,,,,,
473,,,,,,,,
474,,,,,,,,
475,,,,,,,,
476,,,,,,,,
477,,,,,,,,
478,,,,,,,,
479,,,,,,,,
480,,,,,,,,
481,,,,,,,,
482,,,,,,,,
483,,,,,,,,
484,,,,,,,,
485,,,,,,,,
486,,,,,,,,
487,,,,,,,,
488,,,,,,,,
489,,,,,,,,
490,,,,,,,,
491,,,,,,,,
492,,,,,,,,
493,,,,,,,,
494,,,,,,,,
495,,,,,,,,
496,,,,,,,,
497,,,,,,,,
498,,,,,,,,
499,,,,,,,,
500,,,,,,,,
